File,Line,Element,Violation,Severity
D:/{MY_PROJECTS}/{OPC_cerebro_hive}/OPC/cerebro-hive-website/components/architecture/ArchitectureCanvas.tsx,171,button,"Interaction element is not using a Tracked wrapper",Medium
D:/{MY_PROJECTS}/{OPC_cerebro_hive}/OPC/cerebro-hive-website/components/architecture/ArchitectureCanvas.tsx,174,button,"Interaction element is not using a Tracked wrapper",Medium
D:/{MY_PROJECTS}/{OPC_cerebro_hive}/OPC/cerebro-hive-website/components/dashboard/AuthGate.tsx,233,button,"Interaction element is not using a Tracked wrapper",Medium
D:/{MY_PROJECTS}/{OPC_cerebro_hive}/OPC/cerebro-hive-website/components/dashboard/AuthGate.tsx,241,button,"Interaction element is not using a Tracked wrapper",Medium
D:/{MY_PROJECTS}/{OPC_cerebro_hive}/OPC/cerebro-hive-website/components/dashboard/AuthGate.tsx,407,button,"Interaction element is not using a Tracked wrapper",Medium
D:/{MY_PROJECTS}/{OPC_cerebro_hive}/OPC/cerebro-hive-website/components/dashboard/AuthGate.tsx,512,button,"Interaction element is not using a Tracked wrapper",Medium
D:/{MY_PROJECTS}/{OPC_cerebro_hive}/OPC/cerebro-hive-website/components/dashboard/FreeTierDashboard.tsx,574,button,"Interaction element is not using a Tracked wrapper",Medium
D:/{MY_PROJECTS}/{OPC_cerebro_hive}/OPC/cerebro-hive-website/components/dashboard/FreeTierDashboard.tsx,607,button,"Interaction element is not using a Tracked wrapper",Medium
D:/{MY_PROJECTS}/{OPC_cerebro_hive}/OPC/cerebro-hive-website/components/dashboard/FreeTierDashboard.tsx,640,button,"Interaction element is not using a Tracked wrapper",Medium
D:/{MY_PROJECTS}/{OPC_cerebro_hive}/OPC/cerebro-hive-website/components/dashboard/FreeTierDashboard.tsx,661,button,"Interaction element is not using a Tracked wrapper",Medium
D:/{MY_PROJECTS}/{OPC_cerebro_hive}/OPC/cerebro-hive-website/components/dashboard/FreeTierDashboard.tsx,692,button,"Interaction element is not using a Tracked wrapper",Medium
D:/{MY_PROJECTS}/{OPC_cerebro_hive}/OPC/cerebro-hive-website/components/dashboard/FreeTierDashboard.tsx,693,button,"Interaction element is not using a Tracked wrapper",Medium
D:/{MY_PROJECTS}/{OPC_cerebro_hive}/OPC/cerebro-hive-website/components/dashboard/FreeTierDashboard.tsx,694,button,"Interaction element is not using a Tracked wrapper",Medium
D:/{MY_PROJECTS}/{OPC_cerebro_hive}/OPC/cerebro-hive-website/components/dashboard/FreeTierDashboard.tsx,695,button,"Interaction element is not using a Tracked wrapper",Medium
D:/{MY_PROJECTS}/{OPC_cerebro_hive}/OPC/cerebro-hive-website/components/dashboard/FreeTierDashboard.tsx,701,button,"Interaction element is not using a Tracked wrapper",Medium
D:/{MY_PROJECTS}/{OPC_cerebro_hive}/OPC/cerebro-hive-website/components/dashboard/FreeTierDashboard.tsx,757,button,"Interaction element is not using a Tracked wrapper",Medium
D:/{MY_PROJECTS}/{OPC_cerebro_hive}/OPC/cerebro-hive-website/components/dashboard/FreeTierDashboard.tsx,822,button,"Interaction element is not using a Tracked wrapper",Medium
D:/{MY_PROJECTS}/{OPC_cerebro_hive}/OPC/cerebro-hive-website/components/dashboard/FreeTierDashboard.tsx,836,button,"Interaction element is not using a Tracked wrapper",Medium
D:/{MY_PROJECTS}/{OPC_cerebro_hive}/OPC/cerebro-hive-website/components/dashboard/FreeTierDashboard.tsx,883,button,"Interaction element is not using a Tracked wrapper",Medium
D:/{MY_PROJECTS}/{OPC_cerebro_hive}/OPC/cerebro-hive-website/components/dashboard/FreeTierDashboard.tsx,886,button,"Interaction element is not using a Tracked wrapper",Medium
D:/{MY_PROJECTS}/{OPC_cerebro_hive}/OPC/cerebro-hive-website/components/dashboard/FreeTierDashboard.tsx,898,button,"Interaction element is not using a Tracked wrapper",Medium
D:/{MY_PROJECTS}/{OPC_cerebro_hive}/OPC/cerebro-hive-website/components/dashboard/FreeTierDashboard.tsx,948,button,"Interaction element is not using a Tracked wrapper",Medium
D:/{MY_PROJECTS}/{OPC_cerebro_hive}/OPC/cerebro-hive-website/components/dashboard/FreeTierDashboard.tsx,949,button,"Interaction element is not using a Tracked wrapper",Medium
D:/{MY_PROJECTS}/{OPC_cerebro_hive}/OPC/cerebro-hive-website/components/dashboard/FreeTierDashboard.tsx,983,button,"Interaction element is not using a Tracked wrapper",Medium
D:/{MY_PROJECTS}/{OPC_cerebro_hive}/OPC/cerebro-hive-website/components/dashboard/FreeTierDashboard.tsx,996,button,"Interaction element is not using a Tracked wrapper",Medium
D:/{MY_PROJECTS}/{OPC_cerebro_hive}/OPC/cerebro-hive-website/components/dashboard/FreeTierDashboard.tsx,1032,button,"Interaction element is not using a Tracked wrapper",Medium
D:/{MY_PROJECTS}/{OPC_cerebro_hive}/OPC/cerebro-hive-website/components/dashboard/FreeTierDashboard.tsx,1035,button,"Interaction element is not using a Tracked wrapper",Medium
D:/{MY_PROJECTS}/{OPC_cerebro_hive}/OPC/cerebro-hive-website/components/dashboard/FreeTierDashboard.tsx,1116,button,"Interaction element is not using a Tracked wrapper",Medium
D:/{MY_PROJECTS}/{OPC_cerebro_hive}/OPC/cerebro-hive-website/components/dashboard/FreeTierDashboard.tsx,1130,button,"Interaction element is not using a Tracked wrapper",Medium
D:/{MY_PROJECTS}/{OPC_cerebro_hive}/OPC/cerebro-hive-website/components/dashboard/FreeTierDashboard.tsx,1184,button,"Interaction element is not using a Tracked wrapper",Medium
D:/{MY_PROJECTS}/{OPC_cerebro_hive}/OPC/cerebro-hive-website/components/dashboard/FreeTierDashboard.tsx,1185,button,"Interaction element is not using a Tracked wrapper",Medium
D:/{MY_PROJECTS}/{OPC_cerebro_hive}/OPC/cerebro-hive-website/components/dashboard/FreeTierDashboard.tsx,1186,button,"Interaction element is not using a Tracked wrapper",Medium
D:/{MY_PROJECTS}/{OPC_cerebro_hive}/OPC/cerebro-hive-website/components/dashboard/FreeTierDashboard.tsx,1189,button,"Interaction element is not using a Tracked wrapper",Medium
D:/{MY_PROJECTS}/{OPC_cerebro_hive}/OPC/cerebro-hive-website/components/dashboard/FreeTierDashboard.tsx,1243,button,"Interaction element is not using a Tracked wrapper",Medium
D:/{MY_PROJECTS}/{OPC_cerebro_hive}/OPC/cerebro-hive-website/components/dashboard/FreeTierDashboard.tsx,1266,button,"Interaction element is not using a Tracked wrapper",Medium
D:/{MY_PROJECTS}/{OPC_cerebro_hive}/OPC/cerebro-hive-website/components/dashboard/FreeTierDashboard.tsx,1267,button,"Interaction element is not using a Tracked wrapper",Medium
D:/{MY_PROJECTS}/{OPC_cerebro_hive}/OPC/cerebro-hive-website/components/dashboard/FreeTierDashboard.tsx,1331,button,"Interaction element is not using a Tracked wrapper",Medium
D:/{MY_PROJECTS}/{OPC_cerebro_hive}/OPC/cerebro-hive-website/components/dashboard/FreeTierDashboard.tsx,1340,button,"Interaction element is not using a Tracked wrapper",Medium
D:/{MY_PROJECTS}/{OPC_cerebro_hive}/OPC/cerebro-hive-website/components/home/CaseStudiesPreview.tsx,63,Link,"Interaction element is not using a Tracked wrapper",Medium
D:/{MY_PROJECTS}/{OPC_cerebro_hive}/OPC/cerebro-hive-website/components/home/CaseStudiesPreview.tsx,150,Link,"Interaction element is not using a Tracked wrapper",Medium
D:/{MY_PROJECTS}/{OPC_cerebro_hive}/OPC/cerebro-hive-website/components/home/FinalCTA.tsx,103,Link,"Interaction element is not using a Tracked wrapper",Medium
D:/{MY_PROJECTS}/{OPC_cerebro_hive}/OPC/cerebro-hive-website/components/home/FinalCTA.tsx,107,Link,"Interaction element is not using a Tracked wrapper",Medium
D:/{MY_PROJECTS}/{OPC_cerebro_hive}/OPC/cerebro-hive-website/components/home/HeroSection.tsx,141,Link,"Interaction element is not using a Tracked wrapper",Medium
D:/{MY_PROJECTS}/{OPC_cerebro_hive}/OPC/cerebro-hive-website/components/home/HeroSection.tsx,144,Link,"Interaction element is not using a Tracked wrapper",Medium
D:/{MY_PROJECTS}/{OPC_cerebro_hive}/OPC/cerebro-hive-website/components/home/ServicesOverview.tsx,160,Link,"Interaction element is not using a Tracked wrapper",Medium
D:/{MY_PROJECTS}/{OPC_cerebro_hive}/OPC/cerebro-hive-website/components/home/SolutionRecommenderTeaser.tsx,66,button,"Interaction element is not using a Tracked wrapper",Medium
D:/{MY_PROJECTS}/{OPC_cerebro_hive}/OPC/cerebro-hive-website/components/home/SolutionRecommenderTeaser.tsx,111,button,"Interaction element is not using a Tracked wrapper",Medium
D:/{MY_PROJECTS}/{OPC_cerebro_hive}/OPC/cerebro-hive-website/components/home/SolutionsGrid.tsx,169,Link,"Interaction element is not using a Tracked wrapper",Medium
D:/{MY_PROJECTS}/{OPC_cerebro_hive}/OPC/cerebro-hive-website/components/home/SolutionsGrid.tsx,193,Link,"Interaction element is not using a Tracked wrapper",Medium
D:/{MY_PROJECTS}/{OPC_cerebro_hive}/OPC/cerebro-hive-website/components/industries/IndustryDetailView.tsx,216,Link,"Interaction element is not using a Tracked wrapper",Medium
D:/{MY_PROJECTS}/{OPC_cerebro_hive}/OPC/cerebro-hive-website/components/industries/IndustryDetailView.tsx,233,Link,"Interaction element is not using a Tracked wrapper",Medium
D:/{MY_PROJECTS}/{OPC_cerebro_hive}/OPC/cerebro-hive-website/components/industries/IndustryDetailView.tsx,254,Link,"Interaction element is not using a Tracked wrapper",Medium
D:/{MY_PROJECTS}/{OPC_cerebro_hive}/OPC/cerebro-hive-website/components/industries/IndustryDetailView.tsx,293,Button,"Interaction element is not using a Tracked wrapper",Medium
D:/{MY_PROJECTS}/{OPC_cerebro_hive}/OPC/cerebro-hive-website/components/industries/IndustryDetailView.tsx,294,Button,"Interaction element is not using a Tracked wrapper",Medium
D:/{MY_PROJECTS}/{OPC_cerebro_hive}/OPC/cerebro-hive-website/components/industries/IndustryPageLayout.tsx,21,Link,"Interaction element is not using a Tracked wrapper",Medium
D:/{MY_PROJECTS}/{OPC_cerebro_hive}/OPC/cerebro-hive-website/components/industries/IndustryPageLayout.tsx,85,button,"Interaction element is not using a Tracked wrapper",Medium
D:/{MY_PROJECTS}/{OPC_cerebro_hive}/OPC/cerebro-hive-website/components/industries/InteractiveIndustryExplorer.tsx,64,button,"Interaction element is not using a Tracked wrapper",Medium
D:/{MY_PROJECTS}/{OPC_cerebro_hive}/OPC/cerebro-hive-website/components/industries/InteractiveIndustryExplorer.tsx,86,Link,"Interaction element is not using a Tracked wrapper",Medium
D:/{MY_PROJECTS}/{OPC_cerebro_hive}/OPC/cerebro-hive-website/components/industries/InteractiveIndustryExplorer.tsx,140,Link,"Interaction element is not using a Tracked wrapper",Medium
D:/{MY_PROJECTS}/{OPC_cerebro_hive}/OPC/cerebro-hive-website/components/industries/InteractiveIndustryGlobe.tsx,174,motion.div,"Interaction element is not using a Tracked wrapper",Medium
D:/{MY_PROJECTS}/{OPC_cerebro_hive}/OPC/cerebro-hive-website/components/layout/CerebroChat.tsx,170,motion.button,"Interaction element is not using a Tracked wrapper",Medium
D:/{MY_PROJECTS}/{OPC_cerebro_hive}/OPC/cerebro-hive-website/components/layout/CerebroChat.tsx,225,button,"Interaction element is not using a Tracked wrapper",Medium
D:/{MY_PROJECTS}/{OPC_cerebro_hive}/OPC/cerebro-hive-website/components/layout/CerebroChat.tsx,239,button,"Interaction element is not using a Tracked wrapper",Medium
D:/{MY_PROJECTS}/{OPC_cerebro_hive}/OPC/cerebro-hive-website/components/layout/CerebroChat.tsx,329,button,"Interaction element is not using a Tracked wrapper",Medium
D:/{MY_PROJECTS}/{OPC_cerebro_hive}/OPC/cerebro-hive-website/components/layout/CerebroChat.tsx,344,button,"Interaction element is not using a Tracked wrapper",Medium
D:/{MY_PROJECTS}/{OPC_cerebro_hive}/OPC/cerebro-hive-website/components/layout/CerebroChat.tsx,375,button,"Interaction element is not using a Tracked wrapper",Medium
D:/{MY_PROJECTS}/{OPC_cerebro_hive}/OPC/cerebro-hive-website/components/layout/CerebroChat.tsx,376,button,"Interaction element is not using a Tracked wrapper",Medium
D:/{MY_PROJECTS}/{OPC_cerebro_hive}/OPC/cerebro-hive-website/components/layout/CerebroChat.tsx,377,button,"Interaction element is not using a Tracked wrapper",Medium
D:/{MY_PROJECTS}/{OPC_cerebro_hive}/OPC/cerebro-hive-website/components/layout/CerebroChat.tsx,379,button,"Interaction element is not using a Tracked wrapper",Medium
D:/{MY_PROJECTS}/{OPC_cerebro_hive}/OPC/cerebro-hive-website/components/layout/CerebroChat.tsx,402,button,"Interaction element is not using a Tracked wrapper",Medium
D:/{MY_PROJECTS}/{OPC_cerebro_hive}/OPC/cerebro-hive-website/components/layout/Footer.tsx,263,Link,"Interaction element is not using a Tracked wrapper",Medium
D:/{MY_PROJECTS}/{OPC_cerebro_hive}/OPC/cerebro-hive-website/components/layout/Footer.tsx,275,button,"Interaction element is not using a Tracked wrapper",Medium
D:/{MY_PROJECTS}/{OPC_cerebro_hive}/OPC/cerebro-hive-website/components/layout/Footer.tsx,287,Link,"Interaction element is not using a Tracked wrapper",Medium
D:/{MY_PROJECTS}/{OPC_cerebro_hive}/OPC/cerebro-hive-website/components/layout/Footer.tsx,319,a,"Interaction element is not using a Tracked wrapper",Medium
D:/{MY_PROJECTS}/{OPC_cerebro_hive}/OPC/cerebro-hive-website/components/layout/Footer.tsx,398,Link,"Interaction element is not using a Tracked wrapper",Medium
D:/{MY_PROJECTS}/{OPC_cerebro_hive}/OPC/cerebro-hive-website/components/layout/Footer.tsx,417,Link,"Interaction element is not using a Tracked wrapper",Medium
D:/{MY_PROJECTS}/{OPC_cerebro_hive}/OPC/cerebro-hive-website/components/layout/Footer.tsx,418,Link,"Interaction element is not using a Tracked wrapper",Medium
D:/{MY_PROJECTS}/{OPC_cerebro_hive}/OPC/cerebro-hive-website/components/layout/Footer.tsx,419,Link,"Interaction element is not using a Tracked wrapper",Medium
D:/{MY_PROJECTS}/{OPC_cerebro_hive}/OPC/cerebro-hive-website/components/layout/Footer.tsx,420,Link,"Interaction element is not using a Tracked wrapper",Medium
D:/{MY_PROJECTS}/{OPC_cerebro_hive}/OPC/cerebro-hive-website/components/layout/Footer.tsx,421,Link,"Interaction element is not using a Tracked wrapper",Medium
D:/{MY_PROJECTS}/{OPC_cerebro_hive}/OPC/cerebro-hive-website/components/layout/Navbar.tsx,48,Link,"Interaction element is not using a Tracked wrapper",Medium
D:/{MY_PROJECTS}/{OPC_cerebro_hive}/OPC/cerebro-hive-website/components/layout/Navbar.tsx,59,Link,"Interaction element is not using a Tracked wrapper",Medium
D:/{MY_PROJECTS}/{OPC_cerebro_hive}/OPC/cerebro-hive-website/components/layout/Navbar.tsx,74,Link,"Interaction element is not using a Tracked wrapper",Medium
D:/{MY_PROJECTS}/{OPC_cerebro_hive}/OPC/cerebro-hive-website/components/layout/Navbar.tsx,75,AnimatedButton,"Interaction element is not using a Tracked wrapper",Medium
D:/{MY_PROJECTS}/{OPC_cerebro_hive}/OPC/cerebro-hive-website/components/layout/Navbar.tsx,82,button,"Interaction element is not using a Tracked wrapper",Medium
D:/{MY_PROJECTS}/{OPC_cerebro_hive}/OPC/cerebro-hive-website/components/layout/Navbar.tsx,110,button,"Interaction element is not using a Tracked wrapper",Medium
D:/{MY_PROJECTS}/{OPC_cerebro_hive}/OPC/cerebro-hive-website/components/layout/Navbar.tsx,120,Link,"Interaction element is not using a Tracked wrapper",Medium
D:/{MY_PROJECTS}/{OPC_cerebro_hive}/OPC/cerebro-hive-website/components/layout/Navbar.tsx,135,AnimatedButton,"Interaction element is not using a Tracked wrapper",Medium
D:/{MY_PROJECTS}/{OPC_cerebro_hive}/OPC/cerebro-hive-website/components/layout/Navbar.tsx,95,motion.div,"Interaction element is not using a Tracked wrapper",Medium
D:/{MY_PROJECTS}/{OPC_cerebro_hive}/OPC/cerebro-hive-website/components/products/FrameworkExplorer.tsx,39,button,"Interaction element is not using a Tracked wrapper",Medium
D:/{MY_PROJECTS}/{OPC_cerebro_hive}/OPC/cerebro-hive-website/components/products/FrameworkExplorer.tsx,79,Link,"Interaction element is not using a Tracked wrapper",Medium
D:/{MY_PROJECTS}/{OPC_cerebro_hive}/OPC/cerebro-hive-website/components/products/FrameworkExplorer.tsx,160,Link,"Interaction element is not using a Tracked wrapper",Medium
D:/{MY_PROJECTS}/{OPC_cerebro_hive}/OPC/cerebro-hive-website/components/products/HeroEcosystem.tsx,58,button,"Interaction element is not using a Tracked wrapper",Medium
D:/{MY_PROJECTS}/{OPC_cerebro_hive}/OPC/cerebro-hive-website/components/products/HeroEcosystem.tsx,61,button,"Interaction element is not using a Tracked wrapper",Medium
D:/{MY_PROJECTS}/{OPC_cerebro_hive}/OPC/cerebro-hive-website/components/products/ProductComparisonCard.tsx,53,button,"Interaction element is not using a Tracked wrapper",Medium
D:/{MY_PROJECTS}/{OPC_cerebro_hive}/OPC/cerebro-hive-website/components/products/ProductPageLayout.tsx,47,button,"Interaction element is not using a Tracked wrapper",Medium
D:/{MY_PROJECTS}/{OPC_cerebro_hive}/OPC/cerebro-hive-website/components/products/SoftwarePlatformsBento.tsx,43,Link,"Interaction element is not using a Tracked wrapper",Medium
D:/{MY_PROJECTS}/{OPC_cerebro_hive}/OPC/cerebro-hive-website/components/research/BenchmarkDashboard.tsx,45,button,"Interaction element is not using a Tracked wrapper",Medium
D:/{MY_PROJECTS}/{OPC_cerebro_hive}/OPC/cerebro-hive-website/components/research/BenchmarkDashboard.tsx,90,Link,"Interaction element is not using a Tracked wrapper",Medium
D:/{MY_PROJECTS}/{OPC_cerebro_hive}/OPC/cerebro-hive-website/components/research/BenchmarkDashboard.tsx,120,Link,"Interaction element is not using a Tracked wrapper",Medium
D:/{MY_PROJECTS}/{OPC_cerebro_hive}/OPC/cerebro-hive-website/components/research/PublicationCard.tsx,29,Link,"Interaction element is not using a Tracked wrapper",Medium
D:/{MY_PROJECTS}/{OPC_cerebro_hive}/OPC/cerebro-hive-website/components/research/PublicationGrid.tsx,75,button,"Interaction element is not using a Tracked wrapper",Medium
D:/{MY_PROJECTS}/{OPC_cerebro_hive}/OPC/cerebro-hive-website/components/research/PublicationGrid.tsx,94,button,"Interaction element is not using a Tracked wrapper",Medium
D:/{MY_PROJECTS}/{OPC_cerebro_hive}/OPC/cerebro-hive-website/components/research/PublicationGrid.tsx,101,button,"Interaction element is not using a Tracked wrapper",Medium
D:/{MY_PROJECTS}/{OPC_cerebro_hive}/OPC/cerebro-hive-website/components/research/PublicationGrid.tsx,117,button,"Interaction element is not using a Tracked wrapper",Medium
D:/{MY_PROJECTS}/{OPC_cerebro_hive}/OPC/cerebro-hive-website/components/research/PublicationGrid.tsx,124,button,"Interaction element is not using a Tracked wrapper",Medium
D:/{MY_PROJECTS}/{OPC_cerebro_hive}/OPC/cerebro-hive-website/components/research/PublicationGrid.tsx,141,button,"Interaction element is not using a Tracked wrapper",Medium
D:/{MY_PROJECTS}/{OPC_cerebro_hive}/OPC/cerebro-hive-website/components/research/ResearchArchitectureCanvas.tsx,91,button,"Interaction element is not using a Tracked wrapper",Medium
D:/{MY_PROJECTS}/{OPC_cerebro_hive}/OPC/cerebro-hive-website/components/research/ResearchArchitectureCanvas.tsx,94,button,"Interaction element is not using a Tracked wrapper",Medium
D:/{MY_PROJECTS}/{OPC_cerebro_hive}/OPC/cerebro-hive-website/components/research/ResearchArchitectureCanvas.tsx,97,button,"Interaction element is not using a Tracked wrapper",Medium
D:/{MY_PROJECTS}/{OPC_cerebro_hive}/OPC/cerebro-hive-website/components/research/ResearchDomains.tsx,63,Link,"Interaction element is not using a Tracked wrapper",Medium
D:/{MY_PROJECTS}/{OPC_cerebro_hive}/OPC/cerebro-hive-website/components/research/ResearchHero.tsx,76,Link,"Interaction element is not using a Tracked wrapper",Medium
D:/{MY_PROJECTS}/{OPC_cerebro_hive}/OPC/cerebro-hive-website/components/research/ResearchHero.tsx,79,button,"Interaction element is not using a Tracked wrapper",Medium
D:/{MY_PROJECTS}/{OPC_cerebro_hive}/OPC/cerebro-hive-website/components/research/ResearchReader.tsx,23,Link,"Interaction element is not using a Tracked wrapper",Medium
D:/{MY_PROJECTS}/{OPC_cerebro_hive}/OPC/cerebro-hive-website/components/research/ResearchReader.tsx,25,Link,"Interaction element is not using a Tracked wrapper",Medium
D:/{MY_PROJECTS}/{OPC_cerebro_hive}/OPC/cerebro-hive-website/components/research/ResearchReader.tsx,140,button,"Interaction element is not using a Tracked wrapper",Medium
D:/{MY_PROJECTS}/{OPC_cerebro_hive}/OPC/cerebro-hive-website/components/research/ResearchReader.tsx,144,button,"Interaction element is not using a Tracked wrapper",Medium
D:/{MY_PROJECTS}/{OPC_cerebro_hive}/OPC/cerebro-hive-website/components/research/ResearchReader.tsx,147,button,"Interaction element is not using a Tracked wrapper",Medium
D:/{MY_PROJECTS}/{OPC_cerebro_hive}/OPC/cerebro-hive-website/components/research/ResearchReader.tsx,165,button,"Interaction element is not using a Tracked wrapper",Medium
D:/{MY_PROJECTS}/{OPC_cerebro_hive}/OPC/cerebro-hive-website/components/resources/GatedDownloadModal.tsx,55,button,"Interaction element is not using a Tracked wrapper",Medium
D:/{MY_PROJECTS}/{OPC_cerebro_hive}/OPC/cerebro-hive-website/components/resources/GatedDownloadModal.tsx,82,a,"Interaction element is not using a Tracked wrapper",Medium
D:/{MY_PROJECTS}/{OPC_cerebro_hive}/OPC/cerebro-hive-website/components/resources/GatedDownloadModal.tsx,139,button,"Interaction element is not using a Tracked wrapper",Medium
D:/{MY_PROJECTS}/{OPC_cerebro_hive}/OPC/cerebro-hive-website/components/services/IndustryMapping.tsx,82,Link,"Interaction element is not using a Tracked wrapper",Medium
D:/{MY_PROJECTS}/{OPC_cerebro_hive}/OPC/cerebro-hive-website/components/services/InteractiveCapabilityMap.tsx,105,button,"Interaction element is not using a Tracked wrapper",Medium
D:/{MY_PROJECTS}/{OPC_cerebro_hive}/OPC/cerebro-hive-website/components/services/ResearchInnovation.tsx,48,Link,"Interaction element is not using a Tracked wrapper",Medium
D:/{MY_PROJECTS}/{OPC_cerebro_hive}/OPC/cerebro-hive-website/components/services/ResearchInnovation.tsx,63,Link,"Interaction element is not using a Tracked wrapper",Medium
D:/{MY_PROJECTS}/{OPC_cerebro_hive}/OPC/cerebro-hive-website/components/services/ServiceCardProgressive.tsx,88,Link,"Interaction element is not using a Tracked wrapper",Medium
D:/{MY_PROJECTS}/{OPC_cerebro_hive}/OPC/cerebro-hive-website/components/solutions/BusinessFunctionMap.tsx,81,button,"Interaction element is not using a Tracked wrapper",Medium
D:/{MY_PROJECTS}/{OPC_cerebro_hive}/OPC/cerebro-hive-website/components/solutions/EnterpriseArchitecture.tsx,77,button,"Interaction element is not using a Tracked wrapper",Medium
D:/{MY_PROJECTS}/{OPC_cerebro_hive}/OPC/cerebro-hive-website/components/solutions/EnterpriseArchitecture.tsx,128,button,"Interaction element is not using a Tracked wrapper",Medium
D:/{MY_PROJECTS}/{OPC_cerebro_hive}/OPC/cerebro-hive-website/components/solutions/ExecutivePriorities.tsx,64,button,"Interaction element is not using a Tracked wrapper",Medium
D:/{MY_PROJECTS}/{OPC_cerebro_hive}/OPC/cerebro-hive-website/components/solutions/ExecutivePriorities.tsx,98,Link,"Interaction element is not using a Tracked wrapper",Medium
D:/{MY_PROJECTS}/{OPC_cerebro_hive}/OPC/cerebro-hive-website/components/solutions/ExecutiveResources.tsx,52,button,"Interaction element is not using a Tracked wrapper",Medium
D:/{MY_PROJECTS}/{OPC_cerebro_hive}/OPC/cerebro-hive-website/components/solutions/InteractiveSolutionExplorer.tsx,128,SolutionMarketplaceCard,"Interaction element is not using a Tracked wrapper",Medium
D:/{MY_PROJECTS}/{OPC_cerebro_hive}/OPC/cerebro-hive-website/components/solutions/MarketplaceFilter.tsx,19,button,"Interaction element is not using a Tracked wrapper",Medium
D:/{MY_PROJECTS}/{OPC_cerebro_hive}/OPC/cerebro-hive-website/components/solutions/ReadinessAssessment.tsx,137,button,"Interaction element is not using a Tracked wrapper",Medium
D:/{MY_PROJECTS}/{OPC_cerebro_hive}/OPC/cerebro-hive-website/components/solutions/ReadinessAssessment.tsx,173,button,"Interaction element is not using a Tracked wrapper",Medium
D:/{MY_PROJECTS}/{OPC_cerebro_hive}/OPC/cerebro-hive-website/components/solutions/ReadinessAssessment.tsx,176,button,"Interaction element is not using a Tracked wrapper",Medium
D:/{MY_PROJECTS}/{OPC_cerebro_hive}/OPC/cerebro-hive-website/components/solutions/ResearchLayer.tsx,53,Link,"Interaction element is not using a Tracked wrapper",Medium
D:/{MY_PROJECTS}/{OPC_cerebro_hive}/OPC/cerebro-hive-website/components/solutions/ResearchLayer.tsx,87,button,"Interaction element is not using a Tracked wrapper",Medium
D:/{MY_PROJECTS}/{OPC_cerebro_hive}/OPC/cerebro-hive-website/components/solutions/ROICalculator.tsx,185,AnimatedButton,"Interaction element is not using a Tracked wrapper",Medium
D:/{MY_PROJECTS}/{OPC_cerebro_hive}/OPC/cerebro-hive-website/components/solutions/ROICalculator.tsx,189,button,"Interaction element is not using a Tracked wrapper",Medium
D:/{MY_PROJECTS}/{OPC_cerebro_hive}/OPC/cerebro-hive-website/components/solutions/SolutionConfigurator.tsx,80,button,"Interaction element is not using a Tracked wrapper",Medium
D:/{MY_PROJECTS}/{OPC_cerebro_hive}/OPC/cerebro-hive-website/components/solutions/SolutionConfigurator.tsx,92,button,"Interaction element is not using a Tracked wrapper",Medium
D:/{MY_PROJECTS}/{OPC_cerebro_hive}/OPC/cerebro-hive-website/components/solutions/SolutionConfigurator.tsx,100,button,"Interaction element is not using a Tracked wrapper",Medium
D:/{MY_PROJECTS}/{OPC_cerebro_hive}/OPC/cerebro-hive-website/components/solutions/SolutionConfigurator.tsx,120,button,"Interaction element is not using a Tracked wrapper",Medium
D:/{MY_PROJECTS}/{OPC_cerebro_hive}/OPC/cerebro-hive-website/components/solutions/SolutionConfigurator.tsx,127,button,"Interaction element is not using a Tracked wrapper",Medium
D:/{MY_PROJECTS}/{OPC_cerebro_hive}/OPC/cerebro-hive-website/components/solutions/SolutionConfigurator.tsx,160,button,"Interaction element is not using a Tracked wrapper",Medium
D:/{MY_PROJECTS}/{OPC_cerebro_hive}/OPC/cerebro-hive-website/components/solutions/SolutionConfigurator.tsx,210,button,"Interaction element is not using a Tracked wrapper",Medium
D:/{MY_PROJECTS}/{OPC_cerebro_hive}/OPC/cerebro-hive-website/components/solutions/SolutionConfigurator.tsx,213,button,"Interaction element is not using a Tracked wrapper",Medium
D:/{MY_PROJECTS}/{OPC_cerebro_hive}/OPC/cerebro-hive-website/components/solutions/SolutionMarketplaceCard.tsx,56,motion.button,"Interaction element is not using a Tracked wrapper",Medium
D:/{MY_PROJECTS}/{OPC_cerebro_hive}/OPC/cerebro-hive-website/components/solutions/SolutionOverlay.tsx,58,button,"Interaction element is not using a Tracked wrapper",Medium
D:/{MY_PROJECTS}/{OPC_cerebro_hive}/OPC/cerebro-hive-website/components/solutions/SolutionOverlay.tsx,65,button,"Interaction element is not using a Tracked wrapper",Medium
D:/{MY_PROJECTS}/{OPC_cerebro_hive}/OPC/cerebro-hive-website/components/solutions/SolutionOverlay.tsx,74,button,"Interaction element is not using a Tracked wrapper",Medium
D:/{MY_PROJECTS}/{OPC_cerebro_hive}/OPC/cerebro-hive-website/components/solutions/SolutionOverlay.tsx,112,Link,"Interaction element is not using a Tracked wrapper",Medium
D:/{MY_PROJECTS}/{OPC_cerebro_hive}/OPC/cerebro-hive-website/components/solutions/SolutionOverlay.tsx,113,button,"Interaction element is not using a Tracked wrapper",Medium
D:/{MY_PROJECTS}/{OPC_cerebro_hive}/OPC/cerebro-hive-website/components/solutions/SolutionOverlay.tsx,117,Link,"Interaction element is not using a Tracked wrapper",Medium
D:/{MY_PROJECTS}/{OPC_cerebro_hive}/OPC/cerebro-hive-website/components/solutions/SolutionOverlay.tsx,118,button,"Interaction element is not using a Tracked wrapper",Medium
D:/{MY_PROJECTS}/{OPC_cerebro_hive}/OPC/cerebro-hive-website/components/solutions/SolutionOverlay.tsx,39,motion.div,"Interaction element is not using a Tracked wrapper",Medium
D:/{MY_PROJECTS}/{OPC_cerebro_hive}/OPC/cerebro-hive-website/components/solutions/SolutionPageLayout.tsx,44,button,"Interaction element is not using a Tracked wrapper",Medium
D:/{MY_PROJECTS}/{OPC_cerebro_hive}/OPC/cerebro-hive-website/components/solutions/SolutionPageLayout.tsx,47,button,"Interaction element is not using a Tracked wrapper",Medium
D:/{MY_PROJECTS}/{OPC_cerebro_hive}/OPC/cerebro-hive-website/components/solutions/SolutionPageLayout.tsx,138,Link,"Interaction element is not using a Tracked wrapper",Medium
D:/{MY_PROJECTS}/{OPC_cerebro_hive}/OPC/cerebro-hive-website/components/ui/AnimatedButton.tsx,17,motion.button,"Interaction element is not using a Tracked wrapper",Medium
D:/{MY_PROJECTS}/{OPC_cerebro_hive}/OPC/cerebro-hive-website/components/ui/ThemeToggle.tsx,35,button,"Interaction element is not using a Tracked wrapper",Medium
D:/{MY_PROJECTS}/{OPC_cerebro_hive}/OPC/cerebro-hive-website/components/ui/TrackedButton.tsx,33,button,"Interaction element is not using a Tracked wrapper",Medium
D:/{MY_PROJECTS}/{OPC_cerebro_hive}/OPC/cerebro-hive-website/components/ui/TrackedLink.tsx,36,Link,"Interaction element is not using a Tracked wrapper",Medium
D:/{MY_PROJECTS}/{OPC_cerebro_hive}/OPC/cerebro-hive-website/app/about/page.tsx,155,Link,"Interaction element is not using a Tracked wrapper",Medium
D:/{MY_PROJECTS}/{OPC_cerebro_hive}/OPC/cerebro-hive-website/app/about/page.tsx,156,Link,"Interaction element is not using a Tracked wrapper",Medium
D:/{MY_PROJECTS}/{OPC_cerebro_hive}/OPC/cerebro-hive-website/app/academy/page.tsx,317,Link,"Interaction element is not using a Tracked wrapper",Medium
D:/{MY_PROJECTS}/{OPC_cerebro_hive}/OPC/cerebro-hive-website/app/academy/page.tsx,359,button,"Interaction element is not using a Tracked wrapper",Medium
D:/{MY_PROJECTS}/{OPC_cerebro_hive}/OPC/cerebro-hive-website/app/academy/page.tsx,377,div,"Interaction element is not using a Tracked wrapper",Medium
D:/{MY_PROJECTS}/{OPC_cerebro_hive}/OPC/cerebro-hive-website/app/academy/page.tsx,404,div,"Interaction element is not using a Tracked wrapper",Medium
D:/{MY_PROJECTS}/{OPC_cerebro_hive}/OPC/cerebro-hive-website/app/academy/page.tsx,437,Link,"Interaction element is not using a Tracked wrapper",Medium
D:/{MY_PROJECTS}/{OPC_cerebro_hive}/OPC/cerebro-hive-website/app/academy/page.tsx,478,Link,"Interaction element is not using a Tracked wrapper",Medium
D:/{MY_PROJECTS}/{OPC_cerebro_hive}/OPC/cerebro-hive-website/app/academy/page.tsx,544,button,"Interaction element is not using a Tracked wrapper",Medium
D:/{MY_PROJECTS}/{OPC_cerebro_hive}/OPC/cerebro-hive-website/app/academy/page.tsx,562,button,"Interaction element is not using a Tracked wrapper",Medium
D:/{MY_PROJECTS}/{OPC_cerebro_hive}/OPC/cerebro-hive-website/app/academy/page.tsx,580,button,"Interaction element is not using a Tracked wrapper",Medium
D:/{MY_PROJECTS}/{OPC_cerebro_hive}/OPC/cerebro-hive-website/app/academy/page.tsx,611,Link,"Interaction element is not using a Tracked wrapper",Medium
D:/{MY_PROJECTS}/{OPC_cerebro_hive}/OPC/cerebro-hive-website/app/academy/page.tsx,614,button,"Interaction element is not using a Tracked wrapper",Medium
D:/{MY_PROJECTS}/{OPC_cerebro_hive}/OPC/cerebro-hive-website/app/academy/page.tsx,647,Link,"Interaction element is not using a Tracked wrapper",Medium
D:/{MY_PROJECTS}/{OPC_cerebro_hive}/OPC/cerebro-hive-website/app/academy/page.tsx,650,Link,"Interaction element is not using a Tracked wrapper",Medium
D:/{MY_PROJECTS}/{OPC_cerebro_hive}/OPC/cerebro-hive-website/app/careers/page.tsx,84,a,"Interaction element is not using a Tracked wrapper",Medium
D:/{MY_PROJECTS}/{OPC_cerebro_hive}/OPC/cerebro-hive-website/app/careers/page.tsx,87,a,"Interaction element is not using a Tracked wrapper",Medium
D:/{MY_PROJECTS}/{OPC_cerebro_hive}/OPC/cerebro-hive-website/app/careers/page.tsx,214,button,"Interaction element is not using a Tracked wrapper",Medium
D:/{MY_PROJECTS}/{OPC_cerebro_hive}/OPC/cerebro-hive-website/app/case-studies/page.tsx,88,Link,"Interaction element is not using a Tracked wrapper",Medium
D:/{MY_PROJECTS}/{OPC_cerebro_hive}/OPC/cerebro-hive-website/app/case-studies/page.tsx,118,button,"Interaction element is not using a Tracked wrapper",Medium
D:/{MY_PROJECTS}/{OPC_cerebro_hive}/OPC/cerebro-hive-website/app/case-studies/page.tsx,131,Link,"Interaction element is not using a Tracked wrapper",Medium
D:/{MY_PROJECTS}/{OPC_cerebro_hive}/OPC/cerebro-hive-website/app/case-studies/page.tsx,169,Link,"Interaction element is not using a Tracked wrapper",Medium
D:/{MY_PROJECTS}/{OPC_cerebro_hive}/OPC/cerebro-hive-website/app/case-studies/page.tsx,172,Link,"Interaction element is not using a Tracked wrapper",Medium
D:/{MY_PROJECTS}/{OPC_cerebro_hive}/OPC/cerebro-hive-website/app/community/page.tsx,108,a,"Interaction element is not using a Tracked wrapper",Medium
D:/{MY_PROJECTS}/{OPC_cerebro_hive}/OPC/cerebro-hive-website/app/community/page.tsx,143,Link,"Interaction element is not using a Tracked wrapper",Medium
D:/{MY_PROJECTS}/{OPC_cerebro_hive}/OPC/cerebro-hive-website/app/community/page.tsx,169,button,"Interaction element is not using a Tracked wrapper",Medium
D:/{MY_PROJECTS}/{OPC_cerebro_hive}/OPC/cerebro-hive-website/app/contact/page.tsx,161,button,"Interaction element is not using a Tracked wrapper",Medium
D:/{MY_PROJECTS}/{OPC_cerebro_hive}/OPC/cerebro-hive-website/app/contact/page.tsx,193,a,"Interaction element is not using a Tracked wrapper",Medium
D:/{MY_PROJECTS}/{OPC_cerebro_hive}/OPC/cerebro-hive-website/app/contact/page.tsx,221,a,"Interaction element is not using a Tracked wrapper",Medium
D:/{MY_PROJECTS}/{OPC_cerebro_hive}/OPC/cerebro-hive-website/app/dashboard/page.tsx,270,button,"Interaction element is not using a Tracked wrapper",Medium
D:/{MY_PROJECTS}/{OPC_cerebro_hive}/OPC/cerebro-hive-website/app/dashboard/page.tsx,290,button,"Interaction element is not using a Tracked wrapper",Medium
D:/{MY_PROJECTS}/{OPC_cerebro_hive}/OPC/cerebro-hive-website/app/dashboard/page.tsx,327,button,"Interaction element is not using a Tracked wrapper",Medium
D:/{MY_PROJECTS}/{OPC_cerebro_hive}/OPC/cerebro-hive-website/app/dashboard/page.tsx,369,button,"Interaction element is not using a Tracked wrapper",Medium
D:/{MY_PROJECTS}/{OPC_cerebro_hive}/OPC/cerebro-hive-website/app/dashboard/page.tsx,417,button,"Interaction element is not using a Tracked wrapper",Medium
D:/{MY_PROJECTS}/{OPC_cerebro_hive}/OPC/cerebro-hive-website/app/dashboard/page.tsx,573,button,"Interaction element is not using a Tracked wrapper",Medium
D:/{MY_PROJECTS}/{OPC_cerebro_hive}/OPC/cerebro-hive-website/app/dashboard/page.tsx,605,button,"Interaction element is not using a Tracked wrapper",Medium
D:/{MY_PROJECTS}/{OPC_cerebro_hive}/OPC/cerebro-hive-website/app/dashboard/page.tsx,678,button,"Interaction element is not using a Tracked wrapper",Medium
D:/{MY_PROJECTS}/{OPC_cerebro_hive}/OPC/cerebro-hive-website/app/handbook/page.tsx,115,button,"Interaction element is not using a Tracked wrapper",Medium
D:/{MY_PROJECTS}/{OPC_cerebro_hive}/OPC/cerebro-hive-website/app/handbook/page.tsx,118,button,"Interaction element is not using a Tracked wrapper",Medium
D:/{MY_PROJECTS}/{OPC_cerebro_hive}/OPC/cerebro-hive-website/app/handbook/page.tsx,119,button,"Interaction element is not using a Tracked wrapper",Medium
D:/{MY_PROJECTS}/{OPC_cerebro_hive}/OPC/cerebro-hive-website/app/handbook/page.tsx,125,button,"Interaction element is not using a Tracked wrapper",Medium
D:/{MY_PROJECTS}/{OPC_cerebro_hive}/OPC/cerebro-hive-website/app/handbook/page.tsx,128,button,"Interaction element is not using a Tracked wrapper",Medium
D:/{MY_PROJECTS}/{OPC_cerebro_hive}/OPC/cerebro-hive-website/app/handbook/page.tsx,130,button,"Interaction element is not using a Tracked wrapper",Medium
D:/{MY_PROJECTS}/{OPC_cerebro_hive}/OPC/cerebro-hive-website/app/handbook/page.tsx,130,button,"Interaction element is not using a Tracked wrapper",Medium
D:/{MY_PROJECTS}/{OPC_cerebro_hive}/OPC/cerebro-hive-website/app/handbook/page.tsx,136,button,"Interaction element is not using a Tracked wrapper",Medium
D:/{MY_PROJECTS}/{OPC_cerebro_hive}/OPC/cerebro-hive-website/app/handbook/page.tsx,139,button,"Interaction element is not using a Tracked wrapper",Medium
D:/{MY_PROJECTS}/{OPC_cerebro_hive}/OPC/cerebro-hive-website/app/handbook/page.tsx,139,button,"Interaction element is not using a Tracked wrapper",Medium
D:/{MY_PROJECTS}/{OPC_cerebro_hive}/OPC/cerebro-hive-website/app/handbook/page.tsx,144,button,"Interaction element is not using a Tracked wrapper",Medium
D:/{MY_PROJECTS}/{OPC_cerebro_hive}/OPC/cerebro-hive-website/app/handbook/page.tsx,146,button,"Interaction element is not using a Tracked wrapper",Medium
D:/{MY_PROJECTS}/{OPC_cerebro_hive}/OPC/cerebro-hive-website/app/handbook/page.tsx,146,button,"Interaction element is not using a Tracked wrapper",Medium
D:/{MY_PROJECTS}/{OPC_cerebro_hive}/OPC/cerebro-hive-website/app/handbook/page.tsx,150,a,"Interaction element is not using a Tracked wrapper",Medium
D:/{MY_PROJECTS}/{OPC_cerebro_hive}/OPC/cerebro-hive-website/app/handbook/page.tsx,152,button,"Interaction element is not using a Tracked wrapper",Medium
D:/{MY_PROJECTS}/{OPC_cerebro_hive}/OPC/cerebro-hive-website/app/handbook/page.tsx,132,button,"Interaction element is not using a Tracked wrapper",Medium
D:/{MY_PROJECTS}/{OPC_cerebro_hive}/OPC/cerebro-hive-website/app/learn/page.tsx,129,button,"Interaction element is not using a Tracked wrapper",Medium
D:/{MY_PROJECTS}/{OPC_cerebro_hive}/OPC/cerebro-hive-website/app/learn/page.tsx,191,button,"Interaction element is not using a Tracked wrapper",Medium
D:/{MY_PROJECTS}/{OPC_cerebro_hive}/OPC/cerebro-hive-website/app/learn/page.tsx,202,a,"Interaction element is not using a Tracked wrapper",Medium
D:/{MY_PROJECTS}/{OPC_cerebro_hive}/OPC/cerebro-hive-website/app/learn/page.tsx,259,Link,"Interaction element is not using a Tracked wrapper",Medium
D:/{MY_PROJECTS}/{OPC_cerebro_hive}/OPC/cerebro-hive-website/app/learn/page.tsx,285,button,"Interaction element is not using a Tracked wrapper",Medium
D:/{MY_PROJECTS}/{OPC_cerebro_hive}/OPC/cerebro-hive-website/app/resources/page.tsx,88,Link,"Interaction element is not using a Tracked wrapper",Medium
D:/{MY_PROJECTS}/{OPC_cerebro_hive}/OPC/cerebro-hive-website/app/resources/page.tsx,122,Link,"Interaction element is not using a Tracked wrapper",Medium
D:/{MY_PROJECTS}/{OPC_cerebro_hive}/OPC/cerebro-hive-website/app/resources/page.tsx,143,Link,"Interaction element is not using a Tracked wrapper",Medium
D:/{MY_PROJECTS}/{OPC_cerebro_hive}/OPC/cerebro-hive-website/app/services/page.tsx,106,Link,"Interaction element is not using a Tracked wrapper",Medium
D:/{MY_PROJECTS}/{OPC_cerebro_hive}/OPC/cerebro-hive-website/app/services/page.tsx,108,button,"Interaction element is not using a Tracked wrapper",Medium
D:/{MY_PROJECTS}/{OPC_cerebro_hive}/OPC/cerebro-hive-website/app/services/page.tsx,112,a,"Interaction element is not using a Tracked wrapper",Medium
D:/{MY_PROJECTS}/{OPC_cerebro_hive}/OPC/cerebro-hive-website/app/services/page.tsx,176,Link,"Interaction element is not using a Tracked wrapper",Medium
D:/{MY_PROJECTS}/{OPC_cerebro_hive}/OPC/cerebro-hive-website/app/services/page.tsx,178,button,"Interaction element is not using a Tracked wrapper",Medium
D:/{MY_PROJECTS}/{OPC_cerebro_hive}/OPC/cerebro-hive-website/app/solutions/page.tsx,47,a,"Interaction element is not using a Tracked wrapper",Medium
D:/{MY_PROJECTS}/{OPC_cerebro_hive}/OPC/cerebro-hive-website/app/solutions/page.tsx,50,Link,"Interaction element is not using a Tracked wrapper",Medium
D:/{MY_PROJECTS}/{OPC_cerebro_hive}/OPC/cerebro-hive-website/app/solutions/page.tsx,124,Link,"Interaction element is not using a Tracked wrapper",Medium
D:/{MY_PROJECTS}/{OPC_cerebro_hive}/OPC/cerebro-hive-website/components/insights/v2/ExecutiveDecisionCenter.tsx,62,button,"Interaction element is not using a Tracked wrapper",Medium
D:/{MY_PROJECTS}/{OPC_cerebro_hive}/OPC/cerebro-hive-website/components/insights/v2/ExecutiveDecisionCenter.tsx,78,button,"Interaction element is not using a Tracked wrapper",Medium
D:/{MY_PROJECTS}/{OPC_cerebro_hive}/OPC/cerebro-hive-website/components/insights/v2/ExecutiveDecisionCenter.tsx,94,button,"Interaction element is not using a Tracked wrapper",Medium
D:/{MY_PROJECTS}/{OPC_cerebro_hive}/OPC/cerebro-hive-website/components/insights/v2/ExecutiveDecisionCenter.tsx,121,button,"Interaction element is not using a Tracked wrapper",Medium
D:/{MY_PROJECTS}/{OPC_cerebro_hive}/OPC/cerebro-hive-website/components/insights/v2/ExecutiveDecisionCenter.tsx,124,button,"Interaction element is not using a Tracked wrapper",Medium
D:/{MY_PROJECTS}/{OPC_cerebro_hive}/OPC/cerebro-hive-website/components/insights/v2/IndustryIntelligence.tsx,64,button,"Interaction element is not using a Tracked wrapper",Medium
D:/{MY_PROJECTS}/{OPC_cerebro_hive}/OPC/cerebro-hive-website/components/insights/v2/InsightsAssistant.tsx,35,button,"Interaction element is not using a Tracked wrapper",Medium
D:/{MY_PROJECTS}/{OPC_cerebro_hive}/OPC/cerebro-hive-website/components/insights/v2/InsightsAssistant.tsx,64,button,"Interaction element is not using a Tracked wrapper",Medium
D:/{MY_PROJECTS}/{OPC_cerebro_hive}/OPC/cerebro-hive-website/components/insights/v2/InsightsAssistant.tsx,88,button,"Interaction element is not using a Tracked wrapper",Medium
D:/{MY_PROJECTS}/{OPC_cerebro_hive}/OPC/cerebro-hive-website/components/insights/v2/InsightsAssistant.tsx,105,button,"Interaction element is not using a Tracked wrapper",Medium
D:/{MY_PROJECTS}/{OPC_cerebro_hive}/OPC/cerebro-hive-website/components/insights/v2/InsightsExplorer.tsx,52,button,"Interaction element is not using a Tracked wrapper",Medium
D:/{MY_PROJECTS}/{OPC_cerebro_hive}/OPC/cerebro-hive-website/components/insights/v2/InsightsExplorer.tsx,84,button,"Interaction element is not using a Tracked wrapper",Medium
D:/{MY_PROJECTS}/{OPC_cerebro_hive}/OPC/cerebro-hive-website/components/insights/v2/InsightsExplorer.tsx,111,button,"Interaction element is not using a Tracked wrapper",Medium
D:/{MY_PROJECTS}/{OPC_cerebro_hive}/OPC/cerebro-hive-website/components/insights/v2/InsightsHero.tsx,58,button,"Interaction element is not using a Tracked wrapper",Medium
D:/{MY_PROJECTS}/{OPC_cerebro_hive}/OPC/cerebro-hive-website/components/insights/v2/InsightsHero.tsx,62,button,"Interaction element is not using a Tracked wrapper",Medium
D:/{MY_PROJECTS}/{OPC_cerebro_hive}/OPC/cerebro-hive-website/components/insights/v2/InteractiveReports.tsx,42,div,"Interaction element is not using a Tracked wrapper",Medium
D:/{MY_PROJECTS}/{OPC_cerebro_hive}/OPC/cerebro-hive-website/components/insights/v2/InteractiveReports.tsx,75,button,"Interaction element is not using a Tracked wrapper",Medium
D:/{MY_PROJECTS}/{OPC_cerebro_hive}/OPC/cerebro-hive-website/components/insights/v2/InteractiveReports.tsx,84,button,"Interaction element is not using a Tracked wrapper",Medium
D:/{MY_PROJECTS}/{OPC_cerebro_hive}/OPC/cerebro-hive-website/components/insights/v2/InteractiveReports.tsx,127,button,"Interaction element is not using a Tracked wrapper",Medium
D:/{MY_PROJECTS}/{OPC_cerebro_hive}/OPC/cerebro-hive-website/components/insights/v2/NewsletterCTA.tsx,49,button,"Interaction element is not using a Tracked wrapper",Medium
D:/{MY_PROJECTS}/{OPC_cerebro_hive}/OPC/cerebro-hive-website/components/insights/v2/StrategyCanvas.tsx,32,button,"Interaction element is not using a Tracked wrapper",Medium
D:/{MY_PROJECTS}/{OPC_cerebro_hive}/OPC/cerebro-hive-website/components/insights/v2/StrategyCanvas.tsx,63,button,"Interaction element is not using a Tracked wrapper",Medium
D:/{MY_PROJECTS}/{OPC_cerebro_hive}/OPC/cerebro-hive-website/components/insights/v2/TrendRadar.tsx,51,button,"Interaction element is not using a Tracked wrapper",Medium
D:/{MY_PROJECTS}/{OPC_cerebro_hive}/OPC/cerebro-hive-website/components/insights/v2/WeeklyBrief.tsx,85,button,"Interaction element is not using a Tracked wrapper",Medium
D:/{MY_PROJECTS}/{OPC_cerebro_hive}/OPC/cerebro-hive-website/components/motion/primitives/IntelligentOrb.tsx,90,motion.button,"Interaction element is not using a Tracked wrapper",Medium
D:/{MY_PROJECTS}/{OPC_cerebro_hive}/OPC/cerebro-hive-website/components/company/contact/CareersPreview.tsx,93,button,"Interaction element is not using a Tracked wrapper",Medium
D:/{MY_PROJECTS}/{OPC_cerebro_hive}/OPC/cerebro-hive-website/components/company/contact/CareersPreview.tsx,109,motion.div,"Interaction element is not using a Tracked wrapper",Medium
D:/{MY_PROJECTS}/{OPC_cerebro_hive}/OPC/cerebro-hive-website/components/company/contact/CareersPreview.tsx,217,button,"Interaction element is not using a Tracked wrapper",Medium
D:/{MY_PROJECTS}/{OPC_cerebro_hive}/OPC/cerebro-hive-website/components/company/contact/CareersPreview.tsx,290,button,"Interaction element is not using a Tracked wrapper",Medium
D:/{MY_PROJECTS}/{OPC_cerebro_hive}/OPC/cerebro-hive-website/components/company/contact/CareersPreview.tsx,193,motion.div,"Interaction element is not using a Tracked wrapper",Medium
D:/{MY_PROJECTS}/{OPC_cerebro_hive}/OPC/cerebro-hive-website/components/company/contact/CTA.tsx,159,AnimatedButton,"Interaction element is not using a Tracked wrapper",Medium
D:/{MY_PROJECTS}/{OPC_cerebro_hive}/OPC/cerebro-hive-website/components/company/contact/CTA.tsx,167,AnimatedButton,"Interaction element is not using a Tracked wrapper",Medium
D:/{MY_PROJECTS}/{OPC_cerebro_hive}/OPC/cerebro-hive-website/components/company/contact/Headquarters.tsx,316,a,"Interaction element is not using a Tracked wrapper",Medium
D:/{MY_PROJECTS}/{OPC_cerebro_hive}/OPC/cerebro-hive-website/components/company/contact/Headquarters.tsx,347,button,"Interaction element is not using a Tracked wrapper",Medium
D:/{MY_PROJECTS}/{OPC_cerebro_hive}/OPC/cerebro-hive-website/components/company/ecosystem/GlobalPresenceMap.tsx,48,button,"Interaction element is not using a Tracked wrapper",Medium
D:/{MY_PROJECTS}/{OPC_cerebro_hive}/OPC/cerebro-hive-website/components/company/hero/CompanyHero.tsx,132,button,"Interaction element is not using a Tracked wrapper",Medium
D:/{MY_PROJECTS}/{OPC_cerebro_hive}/OPC/cerebro-hive-website/components/company/hero/CompanyHero.tsx,136,button,"Interaction element is not using a Tracked wrapper",Medium
D:/{MY_PROJECTS}/{OPC_cerebro_hive}/OPC/cerebro-hive-website/components/company/leadership/CEOMessage.tsx,186,button,"Interaction element is not using a Tracked wrapper",Medium
D:/{MY_PROJECTS}/{OPC_cerebro_hive}/OPC/cerebro-hive-website/components/company/navigation/CompanySidebar.tsx,266,button,"Interaction element is not using a Tracked wrapper",Medium
D:/{MY_PROJECTS}/{OPC_cerebro_hive}/OPC/cerebro-hive-website/components/company/navigation/CompanySidebar.tsx,349,button,"Interaction element is not using a Tracked wrapper",Medium
D:/{MY_PROJECTS}/{OPC_cerebro_hive}/OPC/cerebro-hive-website/components/company/navigation/CompanySidebar.tsx,356,button,"Interaction element is not using a Tracked wrapper",Medium
D:/{MY_PROJECTS}/{OPC_cerebro_hive}/OPC/cerebro-hive-website/components/company/navigation/CompanySidebar.tsx,433,button,"Interaction element is not using a Tracked wrapper",Medium
D:/{MY_PROJECTS}/{OPC_cerebro_hive}/OPC/cerebro-hive-website/components/company/v3/CompanyCTA.tsx,25,Link,"Interaction element is not using a Tracked wrapper",Medium
D:/{MY_PROJECTS}/{OPC_cerebro_hive}/OPC/cerebro-hive-website/components/company/v3/CompanyCTA.tsx,33,Link,"Interaction element is not using a Tracked wrapper",Medium
D:/{MY_PROJECTS}/{OPC_cerebro_hive}/OPC/cerebro-hive-website/components/company/v3/CompanyHero.tsx,55,motion.button,"Interaction element is not using a Tracked wrapper",Medium
D:/{MY_PROJECTS}/{OPC_cerebro_hive}/OPC/cerebro-hive-website/components/company/v3/CompanySidebarV3.tsx,56,button,"Interaction element is not using a Tracked wrapper",Medium
D:/{MY_PROJECTS}/{OPC_cerebro_hive}/OPC/cerebro-hive-website/components/company/v3/EnterpriseProof.tsx,33,button,"Interaction element is not using a Tracked wrapper",Medium
D:/{MY_PROJECTS}/{OPC_cerebro_hive}/OPC/cerebro-hive-website/components/company/v3/EnterpriseProof.tsx,64,button,"Interaction element is not using a Tracked wrapper",Medium
D:/{MY_PROJECTS}/{OPC_cerebro_hive}/OPC/cerebro-hive-website/components/company/v3/LivingTimeline.tsx,33,button,"Interaction element is not using a Tracked wrapper",Medium
D:/{MY_PROJECTS}/{OPC_cerebro_hive}/OPC/cerebro-hive-website/components/company/v3/LivingTimeline.tsx,79,button,"Interaction element is not using a Tracked wrapper",Medium
D:/{MY_PROJECTS}/{OPC_cerebro_hive}/OPC/cerebro-hive-website/components/company/v3/OriginStory.tsx,75,button,"Interaction element is not using a Tracked wrapper",Medium
D:/{MY_PROJECTS}/{OPC_cerebro_hive}/OPC/cerebro-hive-website/components/home/v2/AIAgentShowcase.tsx,80,button,"Interaction element is not using a Tracked wrapper",Medium
D:/{MY_PROJECTS}/{OPC_cerebro_hive}/OPC/cerebro-hive-website/components/home/v2/HeroSection.tsx,39,AnimatedButton,"Interaction element is not using a Tracked wrapper",Medium
D:/{MY_PROJECTS}/{OPC_cerebro_hive}/OPC/cerebro-hive-website/components/home/v2/HeroSection.tsx,42,AnimatedButton,"Interaction element is not using a Tracked wrapper",Medium
D:/{MY_PROJECTS}/{OPC_cerebro_hive}/OPC/cerebro-hive-website/components/home/v2/Industries.tsx,255,motion.div,"Interaction element is not using a Tracked wrapper",Medium
D:/{MY_PROJECTS}/{OPC_cerebro_hive}/OPC/cerebro-hive-website/components/home/v2/Industries.tsx,310,button,"Interaction element is not using a Tracked wrapper",Medium
D:/{MY_PROJECTS}/{OPC_cerebro_hive}/OPC/cerebro-hive-website/components/home/v2/Industries.tsx,450,motion.button,"Interaction element is not using a Tracked wrapper",Medium
D:/{MY_PROJECTS}/{OPC_cerebro_hive}/OPC/cerebro-hive-website/components/home/v2/ResearchSection.tsx,23,AnimatedButton,"Interaction element is not using a Tracked wrapper",Medium
D:/{MY_PROJECTS}/{OPC_cerebro_hive}/OPC/cerebro-hive-website/components/home/v2/TechStack.tsx,159,button,"Interaction element is not using a Tracked wrapper",Medium
D:/{MY_PROJECTS}/{OPC_cerebro_hive}/OPC/cerebro-hive-website/components/home/v2/WhyCerebroHive.tsx,179,div,"Interaction element is not using a Tracked wrapper",Medium
D:/{MY_PROJECTS}/{OPC_cerebro_hive}/OPC/cerebro-hive-website/components/home/v2/WhyCerebroHive.tsx,292,button,"Interaction element is not using a Tracked wrapper",Medium
D:/{MY_PROJECTS}/{OPC_cerebro_hive}/OPC/cerebro-hive-website/components/home/v3/EnterpriseSimulator.tsx,76,button,"Interaction element is not using a Tracked wrapper",Medium
D:/{MY_PROJECTS}/{OPC_cerebro_hive}/OPC/cerebro-hive-website/components/home/v3/EnterpriseSimulator.tsx,92,button,"Interaction element is not using a Tracked wrapper",Medium
D:/{MY_PROJECTS}/{OPC_cerebro_hive}/OPC/cerebro-hive-website/components/home/v3/EnterpriseSimulator.tsx,108,button,"Interaction element is not using a Tracked wrapper",Medium
D:/{MY_PROJECTS}/{OPC_cerebro_hive}/OPC/cerebro-hive-website/components/home/v3/EnterpriseSimulator.tsx,141,button,"Interaction element is not using a Tracked wrapper",Medium
D:/{MY_PROJECTS}/{OPC_cerebro_hive}/OPC/cerebro-hive-website/components/home/v3/EnterpriseSimulator.tsx,184,button,"Interaction element is not using a Tracked wrapper",Medium
D:/{MY_PROJECTS}/{OPC_cerebro_hive}/OPC/cerebro-hive-website/components/home/v3/EnterpriseSimulator.tsx,187,button,"Interaction element is not using a Tracked wrapper",Medium
D:/{MY_PROJECTS}/{OPC_cerebro_hive}/OPC/cerebro-hive-website/components/home/v3/HomeHero.tsx,89,button,"Interaction element is not using a Tracked wrapper",Medium
D:/{MY_PROJECTS}/{OPC_cerebro_hive}/OPC/cerebro-hive-website/components/home/v3/HomeHero.tsx,92,button,"Interaction element is not using a Tracked wrapper",Medium
D:/{MY_PROJECTS}/{OPC_cerebro_hive}/OPC/cerebro-hive-website/components/home/v3/HumanProof.tsx,56,button,"Interaction element is not using a Tracked wrapper",Medium
D:/{MY_PROJECTS}/{OPC_cerebro_hive}/OPC/cerebro-hive-website/components/home/v3/HumanProof.tsx,126,button,"Interaction element is not using a Tracked wrapper",Medium
D:/{MY_PROJECTS}/{OPC_cerebro_hive}/OPC/cerebro-hive-website/components/home/v3/LivingArchitecture.tsx,83,button,"Interaction element is not using a Tracked wrapper",Medium
D:/{MY_PROJECTS}/{OPC_cerebro_hive}/OPC/cerebro-hive-website/components/home/v3/LivingArchitecture.tsx,150,button,"Interaction element is not using a Tracked wrapper",Medium
D:/{MY_PROJECTS}/{OPC_cerebro_hive}/OPC/cerebro-hive-website/components/home/v3/LivingDigitalTwin.tsx,57,button,"Interaction element is not using a Tracked wrapper",Medium
D:/{MY_PROJECTS}/{OPC_cerebro_hive}/OPC/cerebro-hive-website/components/home/v3/ResearchHighlights.tsx,40,button,"Interaction element is not using a Tracked wrapper",Medium
D:/{MY_PROJECTS}/{OPC_cerebro_hive}/OPC/cerebro-hive-website/components/home/v3/TransformationRoadmap.tsx,84,div,"Interaction element is not using a Tracked wrapper",Medium
D:/{MY_PROJECTS}/{OPC_cerebro_hive}/OPC/cerebro-hive-website/components/home/v3/TransformationRoadmap.tsx,131,button,"Interaction element is not using a Tracked wrapper",Medium
D:/{MY_PROJECTS}/{OPC_cerebro_hive}/OPC/cerebro-hive-website/components/home/v3/TransformationRoadmap.tsx,134,button,"Interaction element is not using a Tracked wrapper",Medium
D:/{MY_PROJECTS}/{OPC_cerebro_hive}/OPC/cerebro-hive-website/components/industries/engine/AgentEcosystem.tsx,45,motion.div,"Interaction element is not using a Tracked wrapper",Medium
D:/{MY_PROJECTS}/{OPC_cerebro_hive}/OPC/cerebro-hive-website/components/industries/engine/AgentEcosystem.tsx,90,button,"Interaction element is not using a Tracked wrapper",Medium
D:/{MY_PROJECTS}/{OPC_cerebro_hive}/OPC/cerebro-hive-website/components/industries/engine/ChallengeExplorer.tsx,229,button,"Interaction element is not using a Tracked wrapper",Medium
D:/{MY_PROJECTS}/{OPC_cerebro_hive}/OPC/cerebro-hive-website/components/industries/engine/EnterpriseDigitalTwin.tsx,117,button,"Interaction element is not using a Tracked wrapper",Medium
D:/{MY_PROJECTS}/{OPC_cerebro_hive}/OPC/cerebro-hive-website/components/industries/engine/EnterpriseDigitalTwin.tsx,181,button,"Interaction element is not using a Tracked wrapper",Medium
D:/{MY_PROJECTS}/{OPC_cerebro_hive}/OPC/cerebro-hive-website/components/industries/engine/IndustryHero.tsx,58,AnimatedButton,"Interaction element is not using a Tracked wrapper",Medium
D:/{MY_PROJECTS}/{OPC_cerebro_hive}/OPC/cerebro-hive-website/components/industries/engine/IndustryHero.tsx,59,AnimatedButton,"Interaction element is not using a Tracked wrapper",Medium
D:/{MY_PROJECTS}/{OPC_cerebro_hive}/OPC/cerebro-hive-website/components/industries/engine/SolutionExplorer.tsx,28,button,"Interaction element is not using a Tracked wrapper",Medium
D:/{MY_PROJECTS}/{OPC_cerebro_hive}/OPC/cerebro-hive-website/components/products/v2/AgentGallery.tsx,74,button,"Interaction element is not using a Tracked wrapper",Medium
D:/{MY_PROJECTS}/{OPC_cerebro_hive}/OPC/cerebro-hive-website/components/products/v2/ArchitectureStudio.tsx,97,button,"Interaction element is not using a Tracked wrapper",Medium
D:/{MY_PROJECTS}/{OPC_cerebro_hive}/OPC/cerebro-hive-website/components/products/v2/ArchitectureStudio.tsx,155,button,"Interaction element is not using a Tracked wrapper",Medium
D:/{MY_PROJECTS}/{OPC_cerebro_hive}/OPC/cerebro-hive-website/components/products/v2/ArchitectureStudio.tsx,158,button,"Interaction element is not using a Tracked wrapper",Medium
D:/{MY_PROJECTS}/{OPC_cerebro_hive}/OPC/cerebro-hive-website/components/products/v2/ArchitectureStudio.tsx,211,button,"Interaction element is not using a Tracked wrapper",Medium
D:/{MY_PROJECTS}/{OPC_cerebro_hive}/OPC/cerebro-hive-website/components/products/v2/EnterpriseIntegrations.tsx,74,button,"Interaction element is not using a Tracked wrapper",Medium
D:/{MY_PROJECTS}/{OPC_cerebro_hive}/OPC/cerebro-hive-website/components/products/v2/MethodologyVisualizer.tsx,78,div,"Interaction element is not using a Tracked wrapper",Medium
D:/{MY_PROJECTS}/{OPC_cerebro_hive}/OPC/cerebro-hive-website/components/products/v2/MethodologyVisualizer.tsx,115,button,"Interaction element is not using a Tracked wrapper",Medium
D:/{MY_PROJECTS}/{OPC_cerebro_hive}/OPC/cerebro-hive-website/components/products/v2/MethodologyVisualizer.tsx,123,button,"Interaction element is not using a Tracked wrapper",Medium
D:/{MY_PROJECTS}/{OPC_cerebro_hive}/OPC/cerebro-hive-website/components/products/v2/PlatformActionDemo.tsx,117,button,"Interaction element is not using a Tracked wrapper",Medium
D:/{MY_PROJECTS}/{OPC_cerebro_hive}/OPC/cerebro-hive-website/components/products/v2/PlatformCTA.tsx,41,button,"Interaction element is not using a Tracked wrapper",Medium
D:/{MY_PROJECTS}/{OPC_cerebro_hive}/OPC/cerebro-hive-website/components/products/v2/PlatformCTA.tsx,45,button,"Interaction element is not using a Tracked wrapper",Medium
D:/{MY_PROJECTS}/{OPC_cerebro_hive}/OPC/cerebro-hive-website/components/products/v2/PlatformExplorer.tsx,116,button,"Interaction element is not using a Tracked wrapper",Medium
D:/{MY_PROJECTS}/{OPC_cerebro_hive}/OPC/cerebro-hive-website/components/products/v2/PlatformExplorer.tsx,122,button,"Interaction element is not using a Tracked wrapper",Medium
D:/{MY_PROJECTS}/{OPC_cerebro_hive}/OPC/cerebro-hive-website/components/products/v2/PlatformExplorer.tsx,136,button,"Interaction element is not using a Tracked wrapper",Medium
D:/{MY_PROJECTS}/{OPC_cerebro_hive}/OPC/cerebro-hive-website/components/products/v2/PlatformHero.tsx,81,button,"Interaction element is not using a Tracked wrapper",Medium
D:/{MY_PROJECTS}/{OPC_cerebro_hive}/OPC/cerebro-hive-website/components/products/v2/PlatformHero.tsx,85,button,"Interaction element is not using a Tracked wrapper",Medium
D:/{MY_PROJECTS}/{OPC_cerebro_hive}/OPC/cerebro-hive-website/components/products/v2/PlatformHero.tsx,105,button,"Interaction element is not using a Tracked wrapper",Medium
D:/{MY_PROJECTS}/{OPC_cerebro_hive}/OPC/cerebro-hive-website/components/research/v2/BenchmarkLab.tsx,46,button,"Interaction element is not using a Tracked wrapper",Medium
D:/{MY_PROJECTS}/{OPC_cerebro_hive}/OPC/cerebro-hive-website/components/research/v2/DeveloperResources.tsx,28,button,"Interaction element is not using a Tracked wrapper",Medium
D:/{MY_PROJECTS}/{OPC_cerebro_hive}/OPC/cerebro-hive-website/components/research/v2/ExperimentGallery.tsx,105,button,"Interaction element is not using a Tracked wrapper",Medium
D:/{MY_PROJECTS}/{OPC_cerebro_hive}/OPC/cerebro-hive-website/components/research/v2/ExperimentGallery.tsx,106,button,"Interaction element is not using a Tracked wrapper",Medium
D:/{MY_PROJECTS}/{OPC_cerebro_hive}/OPC/cerebro-hive-website/components/research/v2/FeaturedResearch.tsx,29,button,"Interaction element is not using a Tracked wrapper",Medium
D:/{MY_PROJECTS}/{OPC_cerebro_hive}/OPC/cerebro-hive-website/components/research/v2/IndustryResearch.tsx,83,button,"Interaction element is not using a Tracked wrapper",Medium
D:/{MY_PROJECTS}/{OPC_cerebro_hive}/OPC/cerebro-hive-website/components/research/v2/OpenSourceProjects.tsx,51,button,"Interaction element is not using a Tracked wrapper",Medium
D:/{MY_PROJECTS}/{OPC_cerebro_hive}/OPC/cerebro-hive-website/components/research/v2/ResearchAssistant.tsx,35,button,"Interaction element is not using a Tracked wrapper",Medium
D:/{MY_PROJECTS}/{OPC_cerebro_hive}/OPC/cerebro-hive-website/components/research/v2/ResearchAssistant.tsx,64,button,"Interaction element is not using a Tracked wrapper",Medium
D:/{MY_PROJECTS}/{OPC_cerebro_hive}/OPC/cerebro-hive-website/components/research/v2/ResearchAssistant.tsx,88,button,"Interaction element is not using a Tracked wrapper",Medium
D:/{MY_PROJECTS}/{OPC_cerebro_hive}/OPC/cerebro-hive-website/components/research/v2/ResearchAssistant.tsx,105,button,"Interaction element is not using a Tracked wrapper",Medium
D:/{MY_PROJECTS}/{OPC_cerebro_hive}/OPC/cerebro-hive-website/components/research/v2/ResearchExplorer.tsx,68,button,"Interaction element is not using a Tracked wrapper",Medium
D:/{MY_PROJECTS}/{OPC_cerebro_hive}/OPC/cerebro-hive-website/components/research/v2/ResearchExplorer.tsx,108,button,"Interaction element is not using a Tracked wrapper",Medium
D:/{MY_PROJECTS}/{OPC_cerebro_hive}/OPC/cerebro-hive-website/components/research/v2/ResearchExplorer.tsx,112,button,"Interaction element is not using a Tracked wrapper",Medium
D:/{MY_PROJECTS}/{OPC_cerebro_hive}/OPC/cerebro-hive-website/components/research/v2/ResearchExplorer.tsx,117,button,"Interaction element is not using a Tracked wrapper",Medium
D:/{MY_PROJECTS}/{OPC_cerebro_hive}/OPC/cerebro-hive-website/components/research/v2/ResearchHero.tsx,66,button,"Interaction element is not using a Tracked wrapper",Medium
D:/{MY_PROJECTS}/{OPC_cerebro_hive}/OPC/cerebro-hive-website/components/research/v2/ResearchHero.tsx,70,button,"Interaction element is not using a Tracked wrapper",Medium
D:/{MY_PROJECTS}/{OPC_cerebro_hive}/OPC/cerebro-hive-website/components/research/v2/ResearchTeam.tsx,43,button,"Interaction element is not using a Tracked wrapper",Medium
D:/{MY_PROJECTS}/{OPC_cerebro_hive}/OPC/cerebro-hive-website/components/research/v2/ResearchTeam.tsx,94,button,"Interaction element is not using a Tracked wrapper",Medium
D:/{MY_PROJECTS}/{OPC_cerebro_hive}/OPC/cerebro-hive-website/components/research/v2/ResearchTeam.tsx,97,button,"Interaction element is not using a Tracked wrapper",Medium
D:/{MY_PROJECTS}/{OPC_cerebro_hive}/OPC/cerebro-hive-website/components/ui/NeuralOrb/index.tsx,68,div,"Interaction element is not using a Tracked wrapper",Medium
D:/{MY_PROJECTS}/{OPC_cerebro_hive}/OPC/cerebro-hive-website/app/academy/corporate-programs/page.tsx,33,Link,"Interaction element is not using a Tracked wrapper",Medium
D:/{MY_PROJECTS}/{OPC_cerebro_hive}/OPC/cerebro-hive-website/app/academy/corporate-programs/page.tsx,211,button,"Interaction element is not using a Tracked wrapper",Medium
D:/{MY_PROJECTS}/{OPC_cerebro_hive}/OPC/cerebro-hive-website/app/academy/courses/page.tsx,127,Link,"Interaction element is not using a Tracked wrapper",Medium
D:/{MY_PROJECTS}/{OPC_cerebro_hive}/OPC/cerebro-hive-website/app/academy/courses/page.tsx,151,button,"Interaction element is not using a Tracked wrapper",Medium
D:/{MY_PROJECTS}/{OPC_cerebro_hive}/OPC/cerebro-hive-website/app/academy/courses/page.tsx,227,button,"Interaction element is not using a Tracked wrapper",Medium
D:/{MY_PROJECTS}/{OPC_cerebro_hive}/OPC/cerebro-hive-website/app/academy/learning-paths/page.tsx,62,Link,"Interaction element is not using a Tracked wrapper",Medium
D:/{MY_PROJECTS}/{OPC_cerebro_hive}/OPC/cerebro-hive-website/app/academy/learning-paths/page.tsx,125,Link,"Interaction element is not using a Tracked wrapper",Medium
D:/{MY_PROJECTS}/{OPC_cerebro_hive}/OPC/cerebro-hive-website/app/academy/referral/page.tsx,28,Link,"Interaction element is not using a Tracked wrapper",Medium
D:/{MY_PROJECTS}/{OPC_cerebro_hive}/OPC/cerebro-hive-website/app/academy/referral/page.tsx,158,button,"Interaction element is not using a Tracked wrapper",Medium
D:/{MY_PROJECTS}/{OPC_cerebro_hive}/OPC/cerebro-hive-website/app/case-studies/corporate-ai-training/page.tsx,41,Link,"Interaction element is not using a Tracked wrapper",Medium
D:/{MY_PROJECTS}/{OPC_cerebro_hive}/OPC/cerebro-hive-website/app/case-studies/corporate-ai-training/page.tsx,171,button,"Interaction element is not using a Tracked wrapper",Medium
D:/{MY_PROJECTS}/{OPC_cerebro_hive}/OPC/cerebro-hive-website/app/case-studies/logistics-support-automation/page.tsx,41,Link,"Interaction element is not using a Tracked wrapper",Medium
D:/{MY_PROJECTS}/{OPC_cerebro_hive}/OPC/cerebro-hive-website/app/case-studies/logistics-support-automation/page.tsx,171,button,"Interaction element is not using a Tracked wrapper",Medium
D:/{MY_PROJECTS}/{OPC_cerebro_hive}/OPC/cerebro-hive-website/app/case-studies/sales-pipeline-automation/page.tsx,41,Link,"Interaction element is not using a Tracked wrapper",Medium
D:/{MY_PROJECTS}/{OPC_cerebro_hive}/OPC/cerebro-hive-website/app/case-studies/sales-pipeline-automation/page.tsx,171,button,"Interaction element is not using a Tracked wrapper",Medium
D:/{MY_PROJECTS}/{OPC_cerebro_hive}/OPC/cerebro-hive-website/app/enterprise/dashboard/page.tsx,220,button,"Interaction element is not using a Tracked wrapper",Medium
D:/{MY_PROJECTS}/{OPC_cerebro_hive}/OPC/cerebro-hive-website/app/enterprise/dashboard/page.tsx,280,button,"Interaction element is not using a Tracked wrapper",Medium
D:/{MY_PROJECTS}/{OPC_cerebro_hive}/OPC/cerebro-hive-website/app/legal/ai-ethics/page.tsx,40,a,"Interaction element is not using a Tracked wrapper",Medium
D:/{MY_PROJECTS}/{OPC_cerebro_hive}/OPC/cerebro-hive-website/app/resources/ai-tools-directory/page.tsx,99,Link,"Interaction element is not using a Tracked wrapper",Medium
D:/{MY_PROJECTS}/{OPC_cerebro_hive}/OPC/cerebro-hive-website/app/resources/ai-tools-directory/page.tsx,133,button,"Interaction element is not using a Tracked wrapper",Medium
D:/{MY_PROJECTS}/{OPC_cerebro_hive}/OPC/cerebro-hive-website/app/resources/ai-tools-directory/page.tsx,196,a,"Interaction element is not using a Tracked wrapper",Medium
D:/{MY_PROJECTS}/{OPC_cerebro_hive}/OPC/cerebro-hive-website/app/resources/blog/page.tsx,121,Link,"Interaction element is not using a Tracked wrapper",Medium
D:/{MY_PROJECTS}/{OPC_cerebro_hive}/OPC/cerebro-hive-website/app/resources/blog/page.tsx,159,button,"Interaction element is not using a Tracked wrapper",Medium
D:/{MY_PROJECTS}/{OPC_cerebro_hive}/OPC/cerebro-hive-website/app/resources/blog/page.tsx,183,Link,"Interaction element is not using a Tracked wrapper",Medium
D:/{MY_PROJECTS}/{OPC_cerebro_hive}/OPC/cerebro-hive-website/app/resources/blog/page.tsx,233,button,"Interaction element is not using a Tracked wrapper",Medium
D:/{MY_PROJECTS}/{OPC_cerebro_hive}/OPC/cerebro-hive-website/app/resources/templates/page.tsx,227,button,"Interaction element is not using a Tracked wrapper",Medium
D:/{MY_PROJECTS}/{OPC_cerebro_hive}/OPC/cerebro-hive-website/app/resources/whitepapers/page.tsx,71,button,"Interaction element is not using a Tracked wrapper",Medium
D:/{MY_PROJECTS}/{OPC_cerebro_hive}/OPC/cerebro-hive-website/app/resources/whitepapers/page.tsx,97,button,"Interaction element is not using a Tracked wrapper",Medium
D:/{MY_PROJECTS}/{OPC_cerebro_hive}/OPC/cerebro-hive-website/app/resources/whitepapers/page.tsx,109,button,"Interaction element is not using a Tracked wrapper",Medium
D:/{MY_PROJECTS}/{OPC_cerebro_hive}/OPC/cerebro-hive-website/app/resources/whitepapers/page.tsx,187,button,"Interaction element is not using a Tracked wrapper",Medium
D:/{MY_PROJECTS}/{OPC_cerebro_hive}/OPC/cerebro-hive-website/app/services/ai-automation/page.tsx,17,Link,"Interaction element is not using a Tracked wrapper",Medium
D:/{MY_PROJECTS}/{OPC_cerebro_hive}/OPC/cerebro-hive-website/app/services/ai-automation/page.tsx,36,Link,"Interaction element is not using a Tracked wrapper",Medium
D:/{MY_PROJECTS}/{OPC_cerebro_hive}/OPC/cerebro-hive-website/app/services/ai-consulting/page.tsx,17,Link,"Interaction element is not using a Tracked wrapper",Medium
D:/{MY_PROJECTS}/{OPC_cerebro_hive}/OPC/cerebro-hive-website/app/services/ai-consulting/page.tsx,36,Link,"Interaction element is not using a Tracked wrapper",Medium
D:/{MY_PROJECTS}/{OPC_cerebro_hive}/OPC/cerebro-hive-website/app/services/ai-development/page.tsx,17,Link,"Interaction element is not using a Tracked wrapper",Medium
D:/{MY_PROJECTS}/{OPC_cerebro_hive}/OPC/cerebro-hive-website/app/services/ai-development/page.tsx,36,Link,"Interaction element is not using a Tracked wrapper",Medium
D:/{MY_PROJECTS}/{OPC_cerebro_hive}/OPC/cerebro-hive-website/app/services/corporate-training/page.tsx,17,Link,"Interaction element is not using a Tracked wrapper",Medium
D:/{MY_PROJECTS}/{OPC_cerebro_hive}/OPC/cerebro-hive-website/app/services/corporate-training/page.tsx,36,Link,"Interaction element is not using a Tracked wrapper",Medium
D:/{MY_PROJECTS}/{OPC_cerebro_hive}/OPC/cerebro-hive-website/app/services/data-engineering/page.tsx,17,Link,"Interaction element is not using a Tracked wrapper",Medium
D:/{MY_PROJECTS}/{OPC_cerebro_hive}/OPC/cerebro-hive-website/app/services/data-engineering/page.tsx,36,Link,"Interaction element is not using a Tracked wrapper",Medium
D:/{MY_PROJECTS}/{OPC_cerebro_hive}/OPC/cerebro-hive-website/app/tools/ai-readiness/page.tsx,447,button,"Interaction element is not using a Tracked wrapper",Medium
D:/{MY_PROJECTS}/{OPC_cerebro_hive}/OPC/cerebro-hive-website/app/tools/ai-readiness/page.tsx,486,button,"Interaction element is not using a Tracked wrapper",Medium
D:/{MY_PROJECTS}/{OPC_cerebro_hive}/OPC/cerebro-hive-website/app/tools/ai-readiness/page.tsx,606,button,"Interaction element is not using a Tracked wrapper",Medium
D:/{MY_PROJECTS}/{OPC_cerebro_hive}/OPC/cerebro-hive-website/app/tools/ai-readiness/page.tsx,651,button,"Interaction element is not using a Tracked wrapper",Medium
D:/{MY_PROJECTS}/{OPC_cerebro_hive}/OPC/cerebro-hive-website/app/tools/ai-readiness/page.tsx,856,button,"Interaction element is not using a Tracked wrapper",Medium
D:/{MY_PROJECTS}/{OPC_cerebro_hive}/OPC/cerebro-hive-website/app/tools/solution-finder/page.tsx,196,button,"Interaction element is not using a Tracked wrapper",Medium
D:/{MY_PROJECTS}/{OPC_cerebro_hive}/OPC/cerebro-hive-website/app/tools/solution-finder/page.tsx,242,button,"Interaction element is not using a Tracked wrapper",Medium
D:/{MY_PROJECTS}/{OPC_cerebro_hive}/OPC/cerebro-hive-website/app/tools/solution-finder/page.tsx,300,button,"Interaction element is not using a Tracked wrapper",Medium
D:/{MY_PROJECTS}/{OPC_cerebro_hive}/OPC/cerebro-hive-website/app/tools/solution-finder/page.tsx,353,button,"Interaction element is not using a Tracked wrapper",Medium
D:/{MY_PROJECTS}/{OPC_cerebro_hive}/OPC/cerebro-hive-website/app/tools/solution-finder/page.tsx,400,button,"Interaction element is not using a Tracked wrapper",Medium
D:/{MY_PROJECTS}/{OPC_cerebro_hive}/OPC/cerebro-hive-website/app/tools/solution-finder/page.tsx,440,button,"Interaction element is not using a Tracked wrapper",Medium
D:/{MY_PROJECTS}/{OPC_cerebro_hive}/OPC/cerebro-hive-website/app/tools/solution-finder/page.tsx,477,button,"Interaction element is not using a Tracked wrapper",Medium
D:/{MY_PROJECTS}/{OPC_cerebro_hive}/OPC/cerebro-hive-website/app/tools/solution-finder/page.tsx,578,button,"Interaction element is not using a Tracked wrapper",Medium
D:/{MY_PROJECTS}/{OPC_cerebro_hive}/OPC/cerebro-hive-website/app/tools/solution-finder/page.tsx,608,button,"Interaction element is not using a Tracked wrapper",Medium
D:/{MY_PROJECTS}/{OPC_cerebro_hive}/OPC/cerebro-hive-website/app/tools/solution-finder/page.tsx,707,button,"Interaction element is not using a Tracked wrapper",Medium
D:/{MY_PROJECTS}/{OPC_cerebro_hive}/OPC/cerebro-hive-website/app/tools/solution-finder/page.tsx,751,button,"Interaction element is not using a Tracked wrapper",Medium
D:/{MY_PROJECTS}/{OPC_cerebro_hive}/OPC/cerebro-hive-website/components/company/leadership/org-chart/InspectorPanel.tsx,44,button,"Interaction element is not using a Tracked wrapper",Medium
D:/{MY_PROJECTS}/{OPC_cerebro_hive}/OPC/cerebro-hive-website/components/company/leadership/org-chart/InspectorPanel.tsx,95,button,"Interaction element is not using a Tracked wrapper",Medium
D:/{MY_PROJECTS}/{OPC_cerebro_hive}/OPC/cerebro-hive-website/components/company/leadership/org-chart/InspectorPanel.tsx,135,button,"Interaction element is not using a Tracked wrapper",Medium
D:/{MY_PROJECTS}/{OPC_cerebro_hive}/OPC/cerebro-hive-website/components/company/leadership/org-chart/InspectorPanel.tsx,138,button,"Interaction element is not using a Tracked wrapper",Medium
D:/{MY_PROJECTS}/{OPC_cerebro_hive}/OPC/cerebro-hive-website/components/company/leadership/org-chart/InspectorPanel.tsx,141,button,"Interaction element is not using a Tracked wrapper",Medium
D:/{MY_PROJECTS}/{OPC_cerebro_hive}/OPC/cerebro-hive-website/components/company/leadership/org-chart/InspectorPanel.tsx,145,button,"Interaction element is not using a Tracked wrapper",Medium
D:/{MY_PROJECTS}/{OPC_cerebro_hive}/OPC/cerebro-hive-website/components/company/leadership/org-chart/OrgNavRail.tsx,32,div,"Interaction element is not using a Tracked wrapper",Medium
D:/{MY_PROJECTS}/{OPC_cerebro_hive}/OPC/cerebro-hive-website/components/company/leadership/org-chart/OrgNavRail.tsx,38,button,"Interaction element is not using a Tracked wrapper",Medium
D:/{MY_PROJECTS}/{OPC_cerebro_hive}/OPC/cerebro-hive-website/components/company/leadership/org-chart/OrgNavRail.tsx,59,button,"Interaction element is not using a Tracked wrapper",Medium
D:/{MY_PROJECTS}/{OPC_cerebro_hive}/OPC/cerebro-hive-website/components/company/leadership/org-chart/OrgNavRail.tsx,62,button,"Interaction element is not using a Tracked wrapper",Medium