Title,Status,Priority,Epic,Phase
"Define Company Vision","Done","High","Brand & Design System","Phase 1 - Foundation"
"Design Brand Identity & Logo","Done","High","Brand & Design System","Phase 1 - Foundation"
"Establish Color System (Enterprise Green)","Done","High","Brand & Design System","Phase 1 - Foundation"
"Define Typography (Inter/Space Grotesk)","Done","Medium","Brand & Design System","Phase 1 - Foundation"
"Establish Enterprise Design Language","Done","High","Brand & Design System","Phase 1 - Foundation"
"Initialize Git Repository","Done","High","Infrastructure Setup","Phase 1 - Foundation"
"Configure Next.js 14 App Router","Done","High","Infrastructure Setup","Phase 1 - Foundation"
"Migrate to Tailwind CSS v4","Done","High","Infrastructure Setup","Phase 1 - Foundation"
"Setup next-themes for Light/Dark Mode","Done","Medium","Infrastructure Setup","Phase 1 - Foundation"
"Configure Prettier & ESLint","Done","Low","Infrastructure Setup","Phase 1 - Foundation"
"Develop Landing Page","Done","High","Marketing Site","Phase 2 - Website"
"Implement Animated Globe Visualization","Done","Medium","Marketing Site","Phase 2 - Website"
"Develop Company / About Page","Done","Medium","Marketing Site","Phase 2 - Website"
"Build Services Engine UI","Done","High","Marketing Site","Phase 2 - Website"
"Build Industry Verticals Pages","Done","Medium","Marketing Site","Phase 2 - Website"
"Build Products Showcase","Done","Medium","Marketing Site","Phase 2 - Website"
"Develop Research Lab Hub","Done","Low","Marketing Site","Phase 2 - Website"
"Establish Trust Center","Done","Medium","Marketing Site","Phase 2 - Website"
"Create Careers Portal","Done","Low","Marketing Site","Phase 2 - Website"
"Implement Contact Form","Done","Medium","Marketing Site","Phase 2 - Website"
"Design Cerebro Chat Interface","Done","High","Core Intelligence","Phase 3 - AI Platform"
"Build Enterprise Intelligence OS UI","Done","High","Core Intelligence","Phase 3 - AI Platform"
"Define Multi-Agent Architecture","Done","High","Core Intelligence","Phase 3 - AI Platform"
"Implement Agent OS Workflows","Done","Medium","Core Intelligence","Phase 3 - AI Platform"
"Setup Neo4j Knowledge Graph schema","Done","Medium","Core Intelligence","Phase 3 - AI Platform"
"Implement pgvector Vector Search","Done","High","Core Intelligence","Phase 3 - AI Platform"
"Create System Prompt Library","Done","Medium","Core Intelligence","Phase 3 - AI Platform"
"Build AI Playground for Devs","Done","Low","Core Intelligence","Phase 3 - AI Platform"
"Document AI Strategy Framework","Done","Medium","Consulting Capabilities","Phase 4 - Enterprise Modules"
"Create AI Agents Deployment Guide","Done","High","Consulting Capabilities","Phase 4 - Enterprise Modules"
"Define ERP Modernization Strategy","Done","High","Consulting Capabilities","Phase 4 - Enterprise Modules"
"Establish Cloud Architecture Best Practices","Done","Medium","Consulting Capabilities","Phase 4 - Enterprise Modules"
"Outline Data Engineering Pipeline","Done","Medium","Consulting Capabilities","Phase 4 - Enterprise Modules"
"Define Zero Trust Security Posture","Done","High","Consulting Capabilities","Phase 4 - Enterprise Modules"
"Create AI Governance Framework","Done","High","Consulting Capabilities","Phase 4 - Enterprise Modules"
"Design PM Agent Architecture","Done","High","Project Management Backend","Phase 5 - PM Agent"
"Implement Sprint Planning APIs","Done","High","Project Management Backend","Phase 5 - PM Agent"
"Build Automated Task Generator","Done","High","Project Management Backend","Phase 5 - PM Agent"
"Implement Epic Management","Done","Medium","Project Management Backend","Phase 5 - PM Agent"
"Integrate GitHub Actions webhook","Done","Medium","Project Management Backend","Phase 5 - PM Agent"
"Design Progress Dashboard","Done","Low","Project Management Backend","Phase 5 - PM Agent"
"Design HRMS Module","Done","Medium","ERP Foundations","Phase 6 - Quantiva ERP"
"Design CRM Pipeline","Done","Medium","ERP Foundations","Phase 6 - Quantiva ERP"
"Implement Core Accounting Logic","Done","High","ERP Foundations","Phase 6 - Quantiva ERP"
"Add GST Tax Compliance Rules","Done","High","ERP Foundations","Phase 6 - Quantiva ERP"
"Add TDS Calculations","Done","High","ERP Foundations","Phase 6 - Quantiva ERP"
"Design Payroll Processing","Done","Medium","ERP Foundations","Phase 6 - Quantiva ERP"
"Build Inventory Management","Done","High","ERP Foundations","Phase 6 - Quantiva ERP"
"Design Fleet Tracking UI","Done","Low","ERP Foundations","Phase 6 - Quantiva ERP"
"Implement Procurement Workflows","Done","Medium","ERP Foundations","Phase 6 - Quantiva ERP"
"Setup Fixed Assets Ledger","Done","Medium","ERP Foundations","Phase 6 - Quantiva ERP"
"Automate Daily AI Briefings","Done","Medium","Knowledge Acquisition","Phase 7 - Research"
"Create Infographic Generation Pipeline","Done","Low","Knowledge Acquisition","Phase 7 - Research"
"Setup arXiv Paper Automation","Done","Medium","Knowledge Acquisition","Phase 7 - Research"
"Maintain Benchmark Library","Done","Low","Knowledge Acquisition","Phase 7 - Research"
"Curate Internal Knowledge Base","Done","High","Knowledge Acquisition","Phase 7 - Research"
"Refine Enterprise Intelligence OS","Done","High","Platform Expansion","Phase 8 - Current (v3.2)"
"Fix Light/Dark Theme contrast","Done","High","Platform Expansion","Phase 8 - Current (v3.2)"
"Polish Chat UI Components","Done","High","Platform Expansion","Phase 8 - Current (v3.2)"
"Develop Architecture Canvas","Done","Medium","Platform Expansion","Phase 8 - Current (v3.2)"
"Implement Workflow Visualization","Done","Medium","Platform Expansion","Phase 8 - Current (v3.2)"
"Setup Enterprise Identity Platform","Done","High","Platform Expansion","Phase 8 - Current (v3.2)"
"Implement Multi-tenant Backend logic","Done","High","Platform Expansion","Phase 8 - Current (v3.2)"
"Configure PostgreSQL + Prisma","Done","High","Platform Expansion","Phase 8 - Current (v3.2)"
"Integrate BullMQ + Redis","Done","High","Platform Expansion","Phase 8 - Current (v3.2)"
"Implement JWT Authentication","Done","High","Platform Expansion","Phase 8 - Current (v3.2)"
"Establish RAG Foundation","Done","High","Platform Expansion","Phase 8 - Current (v3.2)"
"Integrate Azure OpenAI Models","Todo","High","Future Capabilities","Phase 9 - Upcoming"
"Integrate Anthropic Claude 3.5","Todo","Medium","Future Capabilities","Phase 9 - Upcoming"
"Integrate Google Gemini 1.5","Todo","Medium","Future Capabilities","Phase 9 - Upcoming"
"Build Agent Marketplace UI","Todo","Low","Future Capabilities","Phase 9 - Upcoming"
"Launch MCP Server Endpoints","Todo","High","Future Capabilities","Phase 9 - Upcoming"
"Implement Enterprise Memory via Redis","Todo","High","Future Capabilities","Phase 9 - Upcoming"
"Develop Visual Workflow Builder","Todo","Medium","Future Capabilities","Phase 9 - Upcoming"
"Build VS Code AI Copilot Extension","Todo","Low","Future Capabilities","Phase 9 - Upcoming"
"Design Mobile Companion App","Todo","Low","Future Capabilities","Phase 9 - Upcoming"
"Finalize Production Deployment on Vercel","Todo","High","Future Capabilities","Phase 9 - Upcoming"
